{"loss-train": 1.848924199740092, "accuracy-train": 97.0, "learning-rate": 0.0019951010886469674, "_timestamp": 1674145158.929149, "_runtime": 1376.605311870575, "_step": 316, "loss-eval": 1.8112735223770142, "accuracy-eval": 89.0}