{"loss-train": 1.5364964008331299, "accuracy-train": 10.0, "learning-rate": 1.998833592534992e-06, "_timestamp": 1674127550.631776, "_runtime": 17.975691080093384, "_step": 2, "_wandb": {"runtime": 549}}