{"loss-eval": 1.6117817438565767, "accuracy-eval": 18.0, "learning-rate": 1.994945567651633e-05, "_timestamp": 1673880344.834282, "_runtime": 24.34520196914673, "_step": 0}