{"loss-eval": 1.6117817438565767, "accuracy-eval": 18.0, "learning-rate": 1.994945567651633e-05, "_timestamp": 1673880126.1335318, "_runtime": 32.189793825149536, "_step": 0}