{"loss-eval": 1.7523860931396484, "accuracy-eval": 1.0, "learning-rate": 0.00019988335925349925, "_timestamp": 1674129938.9914088, "_runtime": 5.887417793273926, "_step": 0, "_wandb": {"runtime": 451}}