{"loss-train": 1.49693763256073, "accuracy-train": 10.0, "learning-rate": 0.00019988335925349925, "_timestamp": 1674129038.091543, "_runtime": 14.943084001541138, "_step": 2, "_wandb": {"runtime": 385}}