{"loss-train": 1.595106134047875, "accuracy-train": 29.0, "learning-rate": 1.994945567651633e-05, "_timestamp": 1673879655.8282151, "_runtime": 75.49220609664917, "_step": 1, "loss-eval": 1.6038540204366047, "accuracy-eval": 5.0}