{"loss-eval": 1.6117817438565767, "accuracy-eval": 18.0, "learning-rate": 1.994945567651633e-05, "_timestamp": 1673880444.1737442, "_runtime": 30.517065286636353, "_step": 0}