{"loss-eval": 1.6117817438565767, "accuracy-eval": 18.0, "learning-rate": 1.994945567651633e-05, "_timestamp": 1673880020.245331, "_runtime": 29.264870166778564, "_step": 0}